match_id,xg_home,xg_away,xg_total,xg_draw_index
81234,0.933633586946604,4.745885674506029,5.679519261452633,0.8
81235,0.9468268299748932,0.0,0.9468268299748932,1.1242538536020086
81236,3.3432880367481754,0.0,3.3432880367481754,0.9325369570601459
81237,4.733428981992342,0.0,4.733428981992342,0.8213256814406127
81238,3.412257137909651,0.0,3.412257137909651,0.9270194289672279
