match_id,xg_home,xg_away,xg_total,xg_draw_index
48845,0.9151303210536607,0.0,0.9151303210536607,1.1267895743157073
48846,2.8785522430561206,0.0,2.8785522430561206,0.9697158205555103
52751,0.9288500699354171,3.7266913062383527,4.65554137617377,0.8275566899060984
52752,4.374713459070594,0.0,4.374713459070594,0.8500229232743525
48848,3.3738262184250916,0.0,3.3738262184250916,0.9300939025259927
48847,4.093965711169464,0.0,4.093965711169464,0.8724827431064429
