match_id,xg_home,xg_away,xg_total,xg_draw_index
79544,3.3009160740805954,1.062457306819025,4.3633733808996205,0.8509301295280304
79545,1.1369925781318935,3.423078154218789,4.560070732350683,0.8351943414119454
79546,2.287732795780433,0.0,2.287732795780433,1.0169813763375652
79547,1.0608196756998058,0.0,1.0608196756998058,1.1151344259440155
79548,0.0,2.8171921248173364,2.8171921248173364,0.9746246300146131
79549,1.0161616335719375,0.0,1.0161616335719375,1.118707069314245
79550,3.0274005366167573,2.1634394797666556,5.190840016383413,0.8
79551,2.745722744564294,0.0,2.745722744564294,0.9803421804348564
