match_id,xg_home,xg_away,xg_total,xg_draw_index
47871,3.4505627510970154,0.0,3.4505627510970154,0.9239549799122387
47870,2.7508012065339784,2.3851889541361757,5.135990160670154,0.8
47869,1.1505493081066631,0.0,1.1505493081066631,1.107956055351467
47866,2.0057187071323277,0.0,2.0057187071323277,1.0395425034294137
47868,0.0,2.792349724488077,2.792349724488077,0.9766120220409539
47867,1.1535834209984228,0.0,1.1535834209984228,1.1077133263201262
47864,2.953950572093138,1.0232128639350513,3.9771634360281896,0.8818269251177449
47865,1.0299951867603847,3.557027203817521,4.587022390577905,0.8330382087537676
