match_id,xg_home,xg_away,xg_total,xg_draw_index
79551,3.294071530208368,0.0,3.294071530208368,0.9364742775833306
79550,3.296130165656743,2.030123113933528,5.326253279590271,0.8
79549,0.9938402948523568,0.0,0.9938402948523568,1.1204927764118116
79548,0.0,3.384315090334283,3.384315090334283,0.9292547927732573
79547,0.9680304363884533,0.0,0.9680304363884533,1.1225575650889237
79546,2.2520108886476486,0.0,2.2520108886476486,1.019839128908188
79545,1.0924088844372888,2.969386808987592,4.061795693424881,0.8750563445260096
79544,3.0626369948900205,1.138594060414687,4.201231055304707,0.8639015155756233
