match_id,xg_home,xg_away,xg_total,xg_draw_index
88494,2.2641586378921197,1.0709782939708132,3.335136931862933,0.9331890454509654
88493,3.2782480908193543,1.189503209207591,4.467751300026945,0.8425798959978443
88492,7.451869632609382,9.187218518569559,16.63908815117894,0.8
88500,2.1129363717760676,1.1978544296881966,3.310790801464264,0.9351367358828588
88499,2.3704776907434755,3.5152695911847274,5.885747281928203,0.8
88498,4.5655826228677,2.357185927315328,6.922768550183028,0.8
88497,4.606827438151701,2.841322044206783,7.448149482358484,0.8
88496,4.054076424515751,2.026732494675749,6.080808919191499,0.8
88495,4.81911993649838,3.8713088291378646,8.690428765636245,0.8
