match_id,xg_home,xg_away,xg_total,xg_draw_index
79551,2.8664544349137953,0.0,2.8664544349137953,0.9706836452068964
79550,2.8996086938550305,1.9196892334486544,4.819297927303685,0.8144561658157052
79549,0.9316291952549705,0.0,0.9316291952549705,1.1254696643796023
79548,0.0,3.093484230630964,3.093484230630964,0.9525212615495229
79547,1.036439214290941,0.0,1.036439214290941,1.1170848628567247
79546,2.3584841367319385,0.0,2.3584841367319385,1.0113212690614448
79545,0.9707866088205526,3.213505216794187,4.184291825614739,0.8652566539508209
79544,2.8182102744188207,1.0413105118432082,3.8595207862620287,0.8912383370990377
