match_id,xg_home,xg_away,xg_total,xg_draw_index
86948,3.9443111441110514,1.9062690932046267,5.850580237315678,0.8
86949,3.4001258844312403,1.0148823918609262,4.415008276292166,0.8467993378966268
86950,2.3198961026293734,3.249773407716885,5.569669510346259,0.8
